pdb_id,pdb_id,p1p1x,p2p2x,h_cgvc,h_scvc,ang_NHs,ang_CHs,dist_NH,dist_CH,dfg_st,r3r3x,v1v1x,v2v2x,g_resi,lig_name,lig_id,lig_ha,lig_multi,lig_type,pock_out,pock_hinge,pock_sugar,pock_up,pock_I5,pock_I5in,pock_I5dp,pock_dfg,pock_bp
1ATP_E,NA,1.00000,1.00000,1.00000,1.00000,30.99933,30.60816,6.80698,8.16310,in,1.00000,1.00000,1.00000,MET 120,ATP,355.00000,31.00000,NA,type-I,NA,True,True,NA,NA,NA,NA,NA,NA
6I82_A,6I82_A,0.92052,0.98678,0.95918,0.99308,41.87427,15.55241,6.47885,7.47885,in,0.99498,0.50117,0.97553,MET 804,H6W,1101.00000,25.00000,NA,type-I,NA,True,True,NA,NA,NA,NA,NA,NA
6I83_A,6I83_A,0.99671,0.99042,0.92620,0.95385,36.34353,17.24149,6.51971,7.76091,in,0.99891,0.48576,0.98250,MET 804,H72,1101.00000,26.00000,NA,type-I1.5B,NA,True,True,NA,True,NA,NA,NA,NA
6KZI_A,6KZI_A,0.97964,0.99953,0.96233,0.97015,27.19895,29.31296,7.39275,8.04522,in,0.98851,0.97656,0.99942,LEU 120,RTX,401.00000,24.00000,NA,type-I1.5B,NA,True,True,NA,True,NA,NA,NA,NA
6QTY_A,6QTY_A,0.98451,0.99619,0.94044,0.96475,32.46739,17.34631,7.13395,7.63989,in,0.99936,0.98489,0.97286,PHE 241,V25,501.00000,21.00000,NA,type-I1.5B,NA,True,True,NA,True,NA,NA,NA,NA
6QU2_A,6QU2_A,0.99886,0.99312,0.97344,0.99409,32.85729,17.86341,7.04216,8.32301,in,0.99822,0.99930,0.99268,PHE 238,JHW,506.00000,23.00000,NA,type-I1.5B,NA,True,True,NA,True,NA,NA,NA,NA
6TFP_A,6TFP_A,0.57044,0.72285,0.05708,0.22674,139.03907,118.89194,17.26606,14.01804,in,0.80243,0.38626,0.92915,THR 474,N6Z,702.00000,37.00000,NA,type-I,NA,True,True,True,NA,NA,NA,NA,NA
6U0K_A,6U0K_A,0.99166,0.97991,0.96152,0.99638,28.51547,15.75941,6.80656,7.54144,in,0.99323,0.98555,0.97308,MET 94,DTQ,302.00000,22.00000,NA,type-I1.5B,NA,True,True,NA,True,NA,NA,NA,NA
6UIP_A,6UIP_A,0.98565,0.98155,0.96930,0.98934,33.44645,22.13235,7.08003,8.11072,in,0.98273,0.98625,0.98371,PHE 238,Q8J,501.00000,32.00000,NA,type-I1.5B,True,True,True,NA,True,NA,NA,NA,NA
6VOV_A,6VOV_A,0.95191,0.99926,0.95441,0.98660,37.88895,14.82713,7.15365,7.95086,in,0.99906,0.71139,0.99229,MET 448,R6D,701.00000,33.00000,NA,type-I,True,True,True,NA,NA,NA,NA,NA,NA
6VZH_A,6VZH_A,0.99963,0.99603,0.90856,0.94258,36.84476,18.04188,8.80129,7.57819,in,0.99962,0.99575,0.98603,MET 131,NA,NA,NA,NA,apo,NA,NA,NA,NA,NA,NA,NA,NA,NA
6Y6F_A,6Y6F_A,0.98222,0.99207,0.98469,0.98976,52.10224,19.10897,8.41706,8.55032,in,0.99041,0.98229,0.99545,LEU 110,OD2,401.00000,22.00000,NA,type-I1.5B,True,True,NA,NA,True,NA,NA,NA,NA
6Y6H_A,6Y6H_A,0.99161,0.99312,0.97930,0.98713,40.33013,21.70722,8.53405,8.56065,in,0.99137,0.98736,0.99448,LEU 110,OBW,401.00000,23.00000,NA,type-I1.5B,True,True,NA,NA,True,NA,NA,NA,NA
