pdb_id,Class,cidi_prob,cido_prob,codi_prob,codo_prob,wcd_prob,dfg_conf,dfg_prob,p1p1x,p2p2x,r3r3x,h_cgvc,ang_NHs,ang_CHs,dist_NH,dist_CH
1ATP_E,cidi,0.9980691726110174,0.0009766261739649804,0.0009003681147830238,4.988975976110425e-05,3.943340473668723e-06,di,0.9992253084751815,1.0,1.0,1.0,1.0000000000000002,-0.14919625782551824,-0.025479273549395234,-0.1691486212208042,-0.11989080445264852
6I82_A,cidi,0.9983781966662757,0.0007691986565058571,0.0008002104771371854,4.879516479426439e-05,3.5990352869812695e-06,di,0.9986174067321439,0.9205197797107827,0.9867839075314787,0.9949829808226177,0.9591837230113585,-0.05786572480151697,-0.14984267898368778,-0.19305163752165627,-0.198874695181052
6I83_A,cidi,0.9982121456243769,0.0009545428551421353,0.0007760426781157807,5.273962211790718e-05,4.529220247301367e-06,di,0.99905258960349,0.9967124231216404,0.9904212572291154,0.9989105080575493,0.9261956159569382,-0.10431431225547984,-0.13589056580695869,-0.19007526684789042,-0.1663158354500107
6KZI_A,cidi,0.9977568226490316,0.000985960090330885,0.0011873903733181422,6.468781794069013e-05,5.139069378738136e-06,di,0.9988614175429037,0.9796373446665034,0.9995300151318839,0.9885063558366062,0.9623315146740838,-0.18111277801905393,-0.03617787451034361,-0.12647677158503304,-0.13349866686367295
6QTY_A,cidi,0.9981767205579123,0.0008551276695906585,0.0009072369021650852,5.6332832460098686e-05,4.582037871843415e-06,di,0.9987024072928148,0.9845092196656243,0.9961871184404966,0.9993578127866843,0.9404380082577316,-0.136867101030309,-0.1350247311595705,-0.14532938861680836,-0.18028487891973005
6QU2_A,cidi,0.9975900335382152,0.0011848909103035965,0.0011550093185365925,6.524041773804757e-05,4.825815206703812e-06,di,0.9992069862867876,0.9988632308957164,0.9931200472882226,0.9982186157074278,0.973440133547594,-0.13359263903559077,-0.13075331666069437,-0.15201655728715543,-0.10143259195715094
6TFP_A,codi,2.7742198944411776e-07,9.122508016505739e-08,0.9987043142898775,0.0012952052125543327,1.1185049848546228e-07,di,0.9426636185641296,0.570440944841407,0.7228488476320184,0.802431438729622,0.057079610197930675,0.7581487530380008,0.703761690682475,0.5927649645922707,0.5559447857690922
6U0K_A,cidi,0.9987358855146823,0.0007458071458911908,0.0004794069113748394,3.5451454176293427e-05,3.448973875443843e-06,di,0.9986914439664129,0.9916599093189759,0.9799107928871663,0.9932345575994521,0.9615196565712916,-0.17005632206348897,-0.14813279061108262,-0.1691787027637053,-0.19164925764401194
6UIP_A,cidi,0.9977017683636659,0.0010377428295006122,0.001191169310267462,6.461696156506476e-05,4.702535001238785e-06,di,0.9989562952894133,0.9856535445603595,0.9815462799316368,0.9827306345741943,0.9693011574114792,-0.1286447151348922,-0.09549108095930228,-0.1492577393884353,-0.1259372021453875
6VOV_A,cidi,0.9975151974621823,0.001017605401862489,0.0013882589405157712,7.399312788263438e-05,4.94506755678925e-06,di,0.9988656598165588,0.9519116476640226,0.9992639120405664,0.9990602391842225,0.9544128025343062,-0.09133547234563952,-0.1558335726963929,-0.14389447123147142,-0.14439046092322544
6VZH_A,cidi,0.9924702762921835,0.0011605304648236192,0.006127417040065786,0.00023060082050115844,1.1175382425975457e-05,di,0.9973187056122251,0.9996255309655916,0.9960326359823141,0.9996246562632815,0.9085550369592753,-0.10010487703674664,-0.12927915453893812,-0.023868455068397753,-0.18740689384029832
6Y6F_A,cidi,0.9748490784265339,0.0018698495457008773,0.02279915021217779,0.00046887033866934813,1.3051476918232038e-05,di,0.9987612626283491,0.9822246049426777,0.992067570965056,0.9904130377883306,0.9846853190695413,0.02803130303242772,-0.12046482333929505,-0.05185846233305848,-0.07519429067065589
6Y6H_A,cidi,0.9867436446571288,0.0017091186522215623,0.011238397049471561,0.0002974368939414927,1.1402747236560978e-05,di,0.9987465086942089,0.9916093170148711,0.9931169563916162,0.9913684260327924,0.9792973320241694,-0.0708338049264099,-0.09900277164605739,-0.04333628480955122,-0.07400187578867379
